sequence_id,prediction,confidence
155c_A,COG3474,1.0
1a2s_A,COG2010,1.0
1a3z_A,COG4454,0.9999912
1a4a_A,COG3241,1.0
1a56_A,COG4654,1.0
1a5a_B,COG0133,1.0
1a5z_A,COG0039,1.0
1a65_A,COG2132,0.991106
1a70_A,COG1018,0.9975573
1a71_A,COG1062,1.0
1a7k_A,COG0057,1.0
1a8p_A,COG1018,0.97437537
1aa6_A,COG2925,1.0
1aac_A,COG3794,1.0
1aam_A,COG1448,1.0
1ad3_A,COG1012,1.0
1adw_A,COG3794,1.0
1ae1_A,COG1028,0.9908922
1ag6_A,COG3794,1.0
1agn_A,COG1062,1.0
1ahh_A,COG1028,0.9950427
1ahv_A,COG0277,0.9984952
1ai9_A,COG0262,1.0
1aka_A,COG1448,1.0
1aof_A,COG2010,0.937566
1aor_A,COG2414,1.0
1aoz_A,COG2132,0.9999261
1aq8_A,COG2132,0.99704653
1aqe_A,COG1403,0.951083
1ar1_A,COG0843,1.0
1ar1_B,COG1622,1.0
1ar4_A,COG0605,1.0
1ash_A,COG1017,0.99761236
1awp_A,COG0639,0.999603
1axj_A,COG3576,0.9997609
1ay4_A,COG1448,1.0
1b06_A,COG0605,1.0
1b0p_A,COG1145,0.91445833
1b13_A,COG1773,1.0
1b14_A,COG1028,0.99188703
1b25_A,COG2414,1.0
1b2r_A,COG0369,0.9999982
1b3i_A,COG3794,1.0
1b5o_A,COG0436,1.0
1b71_A,COG1592,1.0
1b7v_A,COG2010,1.0
1b8u_A,COG0039,1.0
1b9h_A,COG0399,1.0
1b9r_A,COG0633,1.0
1bc6_A,COG1146,1.0
1bcc_C,COG1290,1.0
1bcf_A,COG2193,1.0
1be3_C,COG1290,1.0
1bf3_A,COG0654,0.99999046
1bin_A,COG1017,0.99914074
1biq_A,COG0208,1.0
1bjo_A,COG1932,1.0
1blu_A,COG1145,1.0
1bmd_A,COG0039,1.0
1bpw_A,COG1012,0.9999999
1bq5_A,COG2132,0.99999106
1bq6_A,COG3424,1.0
1bq8_A,COG1773,1.0
1bqk_A,COG3794,1.0
1bsv_A,COG0451,0.99999976
1bvb_A,COG1403,0.9284294
1bvy_F,COG0716,0.92117333
1bw9_A,COG0334,1.0
1bx0_A,COG0369,1.0
1bxk_A,COG1088,1.0
1bxs_A,COG1012,1.0
1bxu_A,COG3794,1.0
1byo_A,COG3794,1.0
1c0i_A,COG0665,0.9994128
1c2n_A,COG3474,1.0
1c3v_A,COG0289,1.0
1c4k_A,COG1982,1.0
1c53_A,COG2863,1.0
1c6o_A,COG2010,1.0
1c6s_A,COG2010,1.0
1c7g_A,COG3033,1.0
1c7n_A,COG1168,1.0
1cc1_S,COG1740,1.0
1cc5_A,COG3245,1.0
1cch_A,COG4654,1.0
1ccr_A,COG3474,1.0
1cd2_A,COG0262,0.9978142
1cdo_A,COG1062,1.0
1cer_O,COG0057,1.0
1ci0_A,COG0259,1.0
1ci3_M,COG3258,0.998481
1cjc_A,COG0493,1.0
1cl0_A,COG0492,1.0
1cne_A,COG1018,0.97379297
1cno_A,COG2863,1.0
1co6_A,COG3474,1.0
1coj_A,COG0605,1.0
1cor_A,COG4654,1.0
1cot_A,COG3474,0.9967393
1coy_A,COG2303,1.0
1cqx_A,COG1018,0.9999031
1crc_A,COG3474,1.0
1cuo_A,COG3241,1.0
1cxa_A,COG3474,1.0
1cyd_A,COG1028,0.9992617
1cyi_A,COG2010,1.0
1czh_A,COG0716,1.0
1czp_A,COG0633,0.99992025
1d1g_A,COG0262,1.0
1d2f_A,COG1168,1.0
1d4c_A,COG1053,1.0
1d5n_A,COG0605,1.0
1d6s_A,COG0031,1.0
1d7y_A,COG0446,0.9985421
1d8u_A,COG1017,0.97844726
1dap_A,COG1712,0.9913037
1dax_A,COG1141,1.0
1dbv_O,COG0057,1.0
1ddg_A,COG0369,1.0
1ddo_A,COG0665,0.99968743
1deh_A,COG1062,1.0
1dgj_A,COG1529,0.9999938
1dia_A,COG0190,1.0
1dih_A,COG0289,1.0
1dii_A,COG0277,0.99979705
1dii_C,COG2010,0.9999999
1dj7_A,COG4802,1.0
1dje_A,COG0156,1.0
1djl_A,COG1282,1.0
1djn_A,COG2072,0.9641597
1dka_A,COG0160,1.0
1dli_A,COG1004,1.0
1dlw_A,COG2346,1.0
1dly_A,COG2346,1.0
1dmr_A,COG0243,0.9999633
1doi_A,COG0633,0.9999187
1dor_A,COG0167,1.0
1dr1_A,COG0262,0.99999774
1dt0_A,COG0605,1.0
1dty_A,COG0161,1.0
1dur_A,COG2768,1.0
1dvh_A,COG2863,1.0
1dvv_A,COG4654,1.0
1dw0_A,COG2010,0.99999046
1dwl_A,COG1141,1.0
1dxl_A,COG1249,1.0
1dxq_A,COG2249,1.0
1dxy_A,COG1052,0.9831828
1dyz_A,COG3241,1.0
1e0z_A,COG0633,0.9866564
1e29_A,COG2010,0.9995028
1e39_A,COG1053,1.0
1e3d_A,COG1740,1.0
1e3d_B,COG0374,1.0
1e3l_A,COG1062,1.0
1e3s_A,COG1028,0.9862178
1e3t_A,COG1282,1.0
1e5d_A,COG0426,1.0
1e5f_A,COG0626,1.0
1e5q_A,COG1748,0.99998844
1e6e_B,COG0633,1.0
1e7p_C,COG2864,0.999977
1e8e_A,COG2010,0.9965838
1e9m_A,COG0633,1.0
1eb7_A,COG1858,1.0
1ebd_A,COG1249,1.0
1ebf_A,COG0460,0.9999987
1ebl_A,COG0332,1.0
1ecx_A,COG1104,1.0
1edo_A,COG1028,0.9950498
1ee9_A,COG0190,1.0
1efk_A,COG0281,1.0
1efp_A,COG2025,1.0
1eg9_A,COG4638,0.9999658
1ehj_A,COG1403,0.996185
1ehk_B,COG1622,1.0
1eje_A,COG1853,1.0
1ek5_A,COG1087,1.0
1elq_A,COG0520,1.0
1emd_A,COG0039,1.0
1eno_A,COG0623,1.0
1ep1_A,COG0167,1.0
1ep3_B,COG0543,1.0
1eqb_A,COG0112,1.0
1etp_A,COG2863,1.0
1eu1_A,COG0243,1.0
1evz_A,COG0240,1.0
1ez0_A,COG1012,0.99999964
1ez4_A,COG0039,1.0
1ezv_C,COG1290,1.0
1ezv_E,COG0723,1.0
1f0x_A,COG0277,0.99999607
1f1c_A,COG2010,0.99999964
1f1f_A,COG2010,0.99999976
1f2d_A,COG2515,1.0
1f2g_A,COG1141,1.0
1f37_A,COG3411,1.0
1f76_A,COG0167,1.0
1f8f_A,COG1062,1.0
1f8g_A,COG3288,1.0
1f8r_A,COG1231,0.9984224
1f8w_A,COG0446,0.9992768
1fc4_A,COG0156,1.0
1fca_A,COG2768,0.9999956
1fcb_A,COG1304,0.9999999
1fcd_A,COG0446,0.9987913
1fcd_C,COG2863,1.0
1fdr_A,COG1018,1.0
1fea_A,COG1249,0.99980897
1fft_A,COG0843,1.0
1ffu_A,COG2080,1.0
1ffu_C,COG1319,1.0
1fg3_A,COG0079,1.0
1fgj_A,COG3303,0.9982071
1fj0_A,COG3474,1.0
1fk8_A,COG1028,0.9982357
1fla_A,COG0716,1.0
1flv_A,COG0716,1.0
1fqt_A,COG2146,1.0
1frd_A,COG1018,0.99619234
1frf_L,COG0374,1.0
1frr_A,COG0633,0.9994056
1frv_A,COG1740,1.0
1frv_B,COG0374,1.0
1fs9_A,COG3303,0.99994934
1fwx_A,COG4263,1.0
1g1a_A,COG1088,1.0
1g6k_A,COG1028,0.9999045
1g76_A,COG0259,1.0
1g8j_A,COG0243,0.9999937
1g8j_B,COG0723,1.0
1gaq_A,COG0369,1.0
1gaq_B,COG1018,0.9934342
1gcv_B,COG0789,0.9930621
1gd9_A,COG0436,1.0
1gdi_A,COG1017,0.99980706
1gdv_A,COG2010,0.9999999
1geg_A,COG1028,0.9967648
1ger_A,COG1249,1.0
1gks_A,COG2010,0.9999502
1gl3_A,COG0136,1.0
1gm4_A,COG1403,0.9655947
1gos_A,COG1231,0.9999999
1gox_A,COG1304,1.0
1gpd_G,COG0057,1.0
1gpe_A,COG2303,0.95150167
1gq2_A,COG0281,1.0
1gr0_A,COG1260,1.0
1gsk_A,COG2132,1.0
1gt8_A,COG1148,0.9945807
1gu6_A,COG3303,1.0
1guy_A,COG0039,1.0
1guz_A,COG0039,1.0
1gv0_A,COG0039,1.0
1gv3_A,COG0605,1.0
1gv4_A,COG0446,0.9923212
1gw0_A,COG2132,0.9910657
1gwj_A,COG1902,1.0
1gy8_A,COG1087,1.0
1gyc_A,COG2132,0.9995963
1h0h_A,COG2925,1.0
1h0h_B,COG0437,1.0
1h1c_A,COG0079,1.0
1h1o_A,COG2863,1.0
1h21_A,COG2010,0.97894603
1h2a_S,COG1740,1.0
1h31_A,COG3258,1.0
1h31_B,COG2010,0.9999782
1h5q_A,COG1028,0.999987
1h6a_A,COG0673,1.0
1h98_A,COG1146,1.0
1h9a_A,COG0364,1.0
1hbg_A,COG1017,0.9994242
1hdg_O,COG0057,1.0
1hdo_A,COG0702,0.9997955
1hds_A,COG5662,0.9649971
1hfe_L,COG2221,0.99795294
1hku_A,COG1052,0.9236774
1hlb_A,COG1309,0.9420988
1hro_A,COG3474,1.0
1hsk_A,COG0812,1.0
1huv_A,COG1304,1.0
1hye_A,COG0039,1.0
1hyh_A,COG0039,1.0
1hyu_A,COG3634,1.0
1i0r_A,COG1853,1.0
1i19_A,COG0277,0.9998561
1i24_A,COG0451,0.997177
1i36_A,COG2084,0.99999607
1i43_A,COG0626,1.0
1i7h_A,COG0633,1.0
1i7p_A,COG1018,0.98548615
1i8t_A,COG0562,1.0
1i9g_A,COG2519,0.9999052
1iax_A,COG0436,0.99999845
1ibj_A,COG0626,1.0
1iby_A,COG4263,1.0
1ici_A,COG0846,1.0
1icp_A,COG1902,1.0
1idr_A,COG2346,1.0
1ids_A,COG0605,1.0
1iqc_A,COG1858,1.0
1iqz_A,COG1141,1.0
1isa_A,COG0605,1.0
1ith_A,COG2346,0.91565776
1iue_A,COG0633,0.999987
1iuz_A,COG3794,0.99987626
1ivh_A,COG1960,1.0
1iy8_A,COG1028,0.9735483
1iyz_A,COG0604,0.9999995
1j0a_A,COG2515,1.0
1j30_A,COG1592,1.0
1j32_A,COG0436,1.0
1j49_A,COG1052,0.9969644
1j5c_A,COG3794,1.0
1j5p_A,COG1712,1.0
1j9z_A,COG0369,1.0
1ja9_A,COG1028,0.9983151
1jay_A,COG2085,1.0
1jb9_A,COG0369,1.0
1jdl_A,COG3474,1.0
1jeb_A,COG1017,0.98096037
1jeh_A,COG1249,1.0
1jf9_A,COG0520,1.0
1jgc_A,COG2193,1.0
1jju_A,COG2010,0.997997
1jju_C,COG1653,0.99114144
1jkj_A,COG0074,1.0
1jku_A,COG3546,1.0
1jm1_A,COG0723,1.0
1jmx_A,COG2010,0.999271
1jmx_G,COG1653,0.9276982
1jni_A,COG3043,1.0
1jnr_A,COG1053,0.9972282
1jnr_B,COG1146,0.99999774
1joi_A,COG3241,1.0
1jq4_A,COG1018,0.99994767
1jr9_A,COG0605,1.0
1jro_A,COG4630,1.0
1jro_B,COG4631,1.0
1js3_A,COG0076,1.0
1ju2_A,COG2303,0.9999914
1juv_A,COG0262,0.9999999
1kb0_A,COG4993,1.0
1kc1_A,COG1091,1.0
1kdi_A,COG3794,0.9999999
1kep_A,COG1088,1.0
1kev_A,COG1063,1.0
1kf6_A,COG1053,0.9999999
1kf6_B,COG0479,1.0
1kgn_A,COG0208,1.0
1kkc_A,COG0605,1.0
1kkj_A,COG0112,1.0
1kl7_A,COG0498,1.0
1knp_A,COG0029,1.0
1kol_A,COG1063,1.0
1kqg_A,COG2925,1.0
1kqg_B,COG0437,1.0
1kqg_C,COG2864,1.0
1krh_A,COG1018,0.9999131
1kv9_A,COG4993,1.0
1kx2_A,COG3245,1.0
1ky8_A,COG1012,1.0
1kya_A,COG2132,0.99998546
1kyo_D,COG2857,0.9999995
1lc3_A,COG0673,0.99999154
1ldm_A,COG0039,1.0
1lj8_A,COG0246,1.0
1lkc_A,COG0079,1.0
1lld_A,COG0039,1.0
1llq_A,COG0281,0.99379575
1llu_A,COG1064,1.0
1lqt_A,COG0493,0.99930596
1ls9_A,COG2010,0.99999976
1lss_B,COG0569,1.0
1lua_A,COG0373,0.99996984
1lud_A,COG0262,1.0
1lvl_A,COG1249,1.0
1lw4_B,COG2008,1.0
1m1o_A,COG0183,1.0
1m1p_A,COG0484,0.90087205
1m32_A,COG0075,1.0
1m4n_A,COG0436,0.9999999
1m56_A,COG0843,1.0
1m56_B,COG1622,1.0
1ma1_A,COG0605,1.0
1mbb_A,COG0812,1.0
1mc5_A,COG1062,1.0
1mdx_A,COG0399,1.0
1mg2_D,COG2010,0.99999654
1ml3_B,COG0057,1.0
1mng_A,COG0605,1.0
1mo9_A,COG1249,0.9997503
1mxf_A,COG1028,0.9997421
1my6_A,COG0605,1.0
1mzz_A,COG2132,0.99995863
1n0h_A,COG0028,1.0
1n0j_A,COG0605,1.0
1n5d_A,COG1028,0.9947259
1n5w_A,COG2080,1.0
1n5w_C,COG1319,1.0
1n62_B,COG1529,0.9999999
1n7g_A,COG1089,1.0
1n8p_A,COG0626,1.0
1ndr_A,COG2132,0.99998844
1nek_A,COG1053,1.0
1nek_B,COG0479,1.0
1nek_C,COG2009,1.0
1nf4_A,COG2193,1.0
1nff_A,COG1028,0.98768383
1ng3_A,COG0665,0.9999995
1ngk_A,COG2346,1.0
1nml_A,COG1858,1.0
1nrg_A,COG0259,1.0
1nt2_A,COG2226,0.93250084
1nv8_A,COG2890,0.9980627
1nvm_B,COG4569,1.0
1nvt_A,COG0169,1.0
1nwo_A,COG3241,1.0
1nyk_A,COG0723,1.0
1nyt_A,COG0169,1.0
1o00_A,COG1012,1.0
1o4s_A,COG0436,1.0
1o5w_A,COG1231,0.9999865
1o61_A,COG0399,0.99999976
1o8c_A,COG0604,1.0
1oah_A,COG3303,1.0
1oat_A,COG4992,1.0
1obb_A,COG1486,1.0
1oc4_A,COG0039,1.0
1occ_A,COG0843,1.0
1occ_B,COG1622,1.0
1ogp_A,COG2041,1.0
1ogy_A,COG0243,1.0
1ogy_B,COG3043,1.0
1ohv_A,COG0160,1.0
1omo_A,COG2423,1.0
1onf_A,COG1249,0.99998105
1oq4_A,COG0208,0.995999
1orr_A,COG0451,0.9999982
1os6_A,COG1403,0.9067445
1ov8_A,COG3241,1.0
1oya_A,COG1902,1.0
1p0f_A,COG1062,1.0
1p0n_A,COG1304,1.0
1p33_A,COG1028,0.99997175
1p5j_A,COG1171,1.0
1pc4_A,COG1146,1.0
1pfd_A,COG0633,0.99977046
1pg8_A,COG0626,1.0
1piw_A,COG1064,0.9999509
1pjc_A,COG0686,1.0
1pjs_B,COG0007,1.0
1pl6_A,COG1063,1.0
1pla_A,COG3794,1.0
1plc_A,COG3794,1.0
1pmm_A,COG0076,1.0
1pmy_A,COG3794,0.9995566
1pn0_A,COG0654,0.9996369
1pqu_A,COG0136,1.0
1pr9_A,COG1028,0.999665
1ps9_A,COG1902,0.99999905
1pzh_A,COG0039,1.0
1q16_A,COG5013,1.0
1q16_B,COG1140,1.0
1q16_C,COG2181,1.0
1q45_A,COG1902,1.0
1q7b_A,COG1028,0.99993265
1q90_A,COG3258,0.9900913
1q90_B,COG1290,1.0
1q90_C,COG0723,1.0
1qdb_A,COG3303,0.99935645
1qh5_A,COG0491,0.9999993
1qi1_A,COG1012,1.0
1qn2_A,COG3474,1.0
1qni_A,COG4263,1.0
1qnn_A,COG0605,1.0
1qo8_A,COG1053,0.9999999
1qor_A,COG0604,1.0
1qp8_A,COG0111,0.98964626
1qz9_A,COG3844,1.0
1qzf_A,COG0207,1.0
1r2f_A,COG0208,1.0
1r2j_A,COG1960,0.9999995
1r37_A,COG1064,0.9999956
1r66_A,COG1088,1.0
1rb9_A,COG1773,1.0
1rcw_A,COG5424,1.0
1rdg_A,COG1773,1.0
1reo_A,COG1231,0.9999136
1rfk_A,COG0633,0.9988875
1rfs_A,COG0723,1.0
1rgv_A,COG1145,1.0
1rkr_A,COG3241,1.0
1rkx_A,COG0451,0.999859
1rlj_A,COG1780,1.0
1rm6_B,COG1319,0.98782897
1rm6_C,COG2080,1.0
1roe_A,COG0633,0.9995403
1rof_A,COG1141,1.0
1rpn_A,COG1089,1.0
1rqx_A,COG2515,1.0
1rv3_A,COG0112,1.0
1rx0_A,COG1960,0.9999999
1rxq_A,COG2318,1.0
1rz0_A,COG1853,1.0
1s69_A,COG2346,1.0
1s7g_A,COG0846,1.0
1sb8_A,COG0451,0.99736077
1sez_A,COG1232,0.98646694
1sf2_A,COG0160,1.0
1sij_A,COG1529,0.9623557
1sir_A,COG1960,0.9999993
1siz_A,COG1141,1.0
1sny_A,COG1028,0.9717002
1sof_A,COG2193,1.0
1sow_A,COG0039,1.0
1sox_A,COG2041,0.9999994
1sp3_A,2Z8B5,1.0
1sq3_A,COG1528,1.0
1t0i_A,COG0431,1.0
1t2a_A,COG1089,1.0
1t3i_A,COG0520,1.0
1t3q_A,COG2080,1.0
1t3q_B,COG1529,1.0
1t3q_C,COG1319,1.0
1t5b_A,COG1182,1.0
1t90_A,COG1012,0.99999976
1t9m_A,COG0259,1.0
1tb3_A,COG1304,1.0
1tdj_A,COG1171,1.0
1tmo_A,COG0243,0.99997866
1tu9_A,COG1017,1.0
1u08_A,COG0436,1.0
1u1i_A,COG1260,0.9996008
1u70_A,COG0262,1.0
1u7h_A,COG2423,0.9999999
1u8v_A,COG2368,1.0
1u8x_X,COG1486,1.0
1udy_A,COG1960,1.0
1uim_A,COG0498,1.0
1ukw_A,COG1960,1.0
1uli_A,COG4638,1.0
1umk_A,COG1018,0.97880846
1unf_X,COG0605,1.0
1up7_A,COG1486,1.0
1usc_A,COG1853,0.99999905
1uum_A,COG0167,1.0
1uwk_A,COG2987,1.0
1ux8_A,COG2346,1.0
1uzr_A,COG0208,1.0
1v0j_A,COG0562,1.0
1v10_A,COG2132,0.9999988
1v2d_A,COG0436,0.99999464
1v3t_A,COG2130,1.0
1v4b_A,COG1182,1.0
1v5e_A,COG0028,1.0
1v71_A,COG1171,1.0
1v72_A,COG2008,1.0
1v8b_A,COG0499,1.0
1v8z_A,COG0133,1.0
1v9l_A,COG0334,1.0
1vcf_A,COG1304,1.0
1vck_A,COG2146,1.0
1vdc_A,COG0492,0.99999964
1ve1_A,COG0031,1.0
1ve5_A,COG1171,1.0
1vef_A,COG4992,1.0
1vf5_A,COG1290,1.0
1vf5_D,COG0723,1.0
1vhb_A,COG1017,1.0
1vhn_A,COG0042,1.0
1vi2_A,COG0169,1.0
1vj7_A,COG0317,1.0
1vji_A,COG0075,1.0
1vjt_A,COG1486,1.0
1vl8_A,COG1028,0.9998105
1vlg_A,COG1528,1.0
1vm6_A,COG0289,1.0
1vm9_A,COG2146,0.99999905
1vme_A,COG0426,1.0
1vp4_A,COG1167,1.0
1vqw_A,COG2072,0.9993149
1vsv_A,COG0057,1.0
1w1o_A,COG0277,0.9982711
1w2l_A,COG2010,0.9999995
1w3u_A,COG1932,1.0
1w4x_A,COG2072,0.9999969
1w4z_A,COG1028,0.9823252
1w5c_T,COG2010,0.9999832
1w68_A,COG0208,1.0
1w7o_A,COG1403,0.99337476
1wb7_A,COG0605,1.0
1wdk_A,COG1250,0.9999778
1wl4_A,COG0183,1.0
1wma_A,COG1028,0.9991819
1wp4_A,COG2084,1.0
1wql_A,COG4638,1.0
1wri_A,COG0633,0.99998355
1wst_A,COG1167,1.0
1ww9_A,COG4638,1.0
1wwk_A,COG0111,0.984704
1wyu_B,COG1003,1.0
1x0x_A,COG0240,0.99992025
1x14_B,COG3288,1.0
1x1t_A,COG1028,0.99989164
1x77_A,COG0431,1.0
1x87_A,COG2987,1.0
1xcb_A,COG2344,1.0
1xdi_A,COG1249,0.9997403
1xer_A,COG1143,0.9005965
1xhl_A,COG1028,0.9825446
1xi9_A,COG0436,1.0
1xkq_A,COG1028,0.91002136
1xm8_A,COG0491,1.0
1xpl_A,COG3425,1.0
1xq6_A,COG0702,0.9908365
1xre_A,COG0605,1.0
1xuq_A,COG0605,1.0
1xx7_A,COG1896,1.0
1y56_B,COG0665,1.0
1y9d_A,COG0028,1.0
1yaa_A,COG1448,1.0
1yb5_A,COG0604,0.99999976
1yba_A,COG0111,0.99998224
1ybh_A,COG0028,1.0
1ybv_A,COG1028,0.99777645
1ycf_A,COG0426,1.0
1yea_A,COG3474,1.0
1yhu_C,COG1017,0.99980766
1yhu_D,COG4842,0.9810457
1yiq_A,COG4993,1.0
1yk5_A,COG1773,1.0
1ykf_A,COG1063,1.0
1ykg_A,COG0369,1.0
1yoa_A,COG1853,0.99999976
1yq3_B,COG0479,1.0
1yq3_C,COG2009,1.0
1yqd_A,COG1064,1.0
1yqz_A,COG0446,0.9999994
1yrh_A,COG0655,1.0
1ys4_A,COG0136,0.9998338
1ysl_B,COG3425,1.0
1yux_A,COG1592,1.0
1yve_I,COG0059,0.9999875
1z01_A,COG4638,0.99999225
1z41_A,COG1902,1.0
1z45_A,COG1087,0.9981993
1z7w_A,COG0031,1.0
1z82_A,COG0240,1.0
1za0_A,COG0208,1.0
1zbq_A,COG1028,0.97466236
1zdl_A,COG1249,0.9925012
1zh8_A,COG0673,1.0
1zj8_A,COG0155,1.0
1zjz_A,COG1028,0.9904811
1zk7_A,COG1249,1.0
1znq_O,COG0057,1.0
1zov_A,COG0665,0.9969817
1zoy_A,COG1053,0.99997103
1zoy_B,COG0479,1.0
1zoy_C,COG2009,0.9990439
1zpu_A,COG2132,0.9998987
1zr6_A,COG0277,0.9999869
1zrt_C,COG1290,1.0
1zrt_D,COG2857,1.0
1zrt_E,COG0723,1.0
1ztc_A,COG0491,0.9999982
1zwl_A,COG0655,1.0
1zzh_A,COG1858,1.0
2a03_A,COG0605,1.0
2a1t_A,COG1960,1.0
2a1t_R,COG2025,1.0
2a87_A,COG0492,1.0
2aan_A,COG3241,1.0
2aaq_A,COG1249,1.0
2ae2_A,COG1028,0.99910873
2ag5_A,COG1028,0.99956554
2ag8_A,COG0345,1.0
2agl_D,2ZHBX,1.0
2ahr_A,COG0345,1.0
2aiu_A,COG0155,1.0
2auv_A,COG1905,1.0
2avd_A,COG4122,0.99851006
2azn_A,COG1985,1.0
2b1x_A,COG4638,1.0
2b3d_A,COG2249,1.0
2b4q_A,COG1028,0.9984364
2b4r_O,COG0369,1.0
2b5v_A,COG1063,0.9999999
2b69_A,COG0451,0.99999607
2b9e_A,COG0144,0.9999999
2b9w_A,COG1232,0.9544234
2bc0_A,COG0446,0.9999639
2bf4_A,COG0369,1.0
2bgi_A,COG1018,0.9997856
2bgv_X,COG3474,1.0
2bh9_A,COG0364,1.0
2bhp_A,COG1012,0.99999225
2bhs_A,COG0031,1.0
2bie_A,COG1932,1.0
2bih_A,COG2041,0.914181
2bkm_A,COG2346,1.0
2bkw_A,COG0075,0.9999913
2bl9_A,COG0262,0.99911386
2blf_A,COG2041,1.0
2blf_B,COG2010,0.9999995
2bmo_A,COG4638,0.9998926
2bpi_A,COG0605,1.0
2bq4_A,COG1403,0.9853277
2bru_C,COG1282,1.0
2bs2_A,COG1053,1.0
2bs2_B,COG0479,1.0
2bvf_A,COG0277,0.99999845
2bwn_A,COG0156,1.0
2bxr_A,COG1231,0.99999475
2c0k_A,COG3464,0.9067209
2c0u_A,COG1960,0.9928308
2c1d_A,COG3258,1.0
2c1d_B,COG2010,0.99997616
2c1u_A,COG1858,1.0
2c20_A,COG1087,1.0
2c29_D,COG0451,0.9810652
2c2b_A,COG0498,1.0
2c2c_A,COG3474,1.0
2c54_A,COG0451,0.9851394
2c8s_A,COG2010,1.0
2cb1_A,COG2873,0.9998586
2cda_A,COG1063,1.0
2cdu_A,COG0446,0.99984217
2cdy_A,COG0605,1.0
2ce0_A,COG2010,0.99998426
2cf6_A,COG1064,1.0
2cfc_A,COG1028,0.99139786
2cfy_A,COG1249,0.99992776
2ch1_A,COG0075,1.0
2cin_A,COG0160,1.0
2ckf_A,COG4638,1.0
2clb_A,COG2406,0.99990356
2cqz_A,COG1896,1.0
2cst_A,COG1448,1.0
2ctz_A,COG2873,1.0
2cul_A,COG0445,1.0
2cvj_A,COG0492,0.99999464
2cw2_A,COG0605,1.0
2cw3_A,COG0605,1.0
2cy0_A,COG0169,1.0
2czs_A,COG1403,0.950976
2d0s_A,COG4654,1.0
2d0w_A,COG2010,0.9999999
2d1f_A,COG0498,1.0
2d1y_A,COG1028,0.996795
2d29_A,COG1960,1.0
2d2i_A,COG0057,1.0
2d36_A,COG1853,0.99981934
2d4e_C,COG1012,0.999998
2d5a_A,COG1832,1.0
2d5m_A,COG1853,1.0
2d5n_B,COG0117,0.9120892
2d8a_A,COG1063,1.0
2dbq_A,COG1052,0.98773617
2dc1_A,COG1712,1.0
2dfd_A,COG0039,1.0
2djl_A,COG0167,1.0
2dkh_A,COG0654,0.99963367
2dkj_A,COG0112,1.0
2dph_A,COG1063,0.9999989
2dr1_A,COG0075,1.0
2du2_A,COG1304,1.0
2dv6_A,COG2132,0.99997294
2dvl_A,COG1960,1.0
2dvm_A,COG0281,1.0
2e37_A,COG0039,1.0
2e4p_A,COG2146,1.0
2e5v_A,COG0029,0.99999964
2e7z_A,COG0243,0.999882
2eba_A,COG1960,1.0
2ed4_A,COG1853,1.0
2eer_A,COG1064,1.0
2egh_A,COG0743,1.0
2egy_A,COG1167,1.0
2eh6_A,COG4992,1.0
2ehd_A,COG4221,0.995291
2eix_A,COG1018,0.9965898
2ejv_A,COG1063,1.0
2ekl_A,COG0111,0.9662417
2ekp_A,COG1028,0.99990404
2eo5_A,COG0160,0.99991906
2ep7_A,COG0057,1.0
2eq6_A,COG1249,1.0
2eq7_A,COG1249,0.9999999
2ewm_A,COG1028,0.99750817
2exr_A,COG0277,0.9999865
2exx_A,COG0702,0.9980348
2f1k_A,COG0287,1.0
2f22_A,COG2318,0.9999995
2f2s_A,COG0183,1.0
2f8l_A,COG0827,0.995738
2fcr_A,COG0716,1.0
2fgo_A,COG1145,1.0
2fkn_A,COG2987,1.0
2fn7_A,COG0039,1.0
2fni_A,COG0399,0.99999976
2fpt_A,COG0167,1.0
2fug_1,COG1894,1.0
2fug_2,COG1905,1.0
2fug_3,COG1034,1.0
2fug_6,COG0377,1.0
2fug_9,COG1143,1.0
2fw5_A,COG3658,0.9999734
2fwl_A,COG2010,0.99995995
2fyf_A,COG1932,1.0
2fyn_A,COG1290,1.0
2fyn_C,COG0723,1.0
2gag_B,COG0665,0.99999964
2gcg_A,COG1052,0.9520429
2gcu_A,COG0491,0.99999976
2ggs_A,COG1091,0.9999993
2gim_A,COG3794,1.0
2gjl_A,COG2070,1.0
2glx_A,COG0673,1.0
2gn4_A,COG1086,1.0
2gou_A,COG1902,1.0
2gpc_A,COG0605,1.0
2gpj_A,COG2375,1.0
2gqf_A,COG2081,1.0
2gqt_A,COG0812,1.0
2gsa_B,COG0001,1.0
2gsd_A,COG1052,0.9997948
2gsw_A,COG0431,1.0
2gyq_A,COG3685,1.0
2gz1_A,COG0136,1.0
2h2q_A,COG0207,1.0
2h3x_C,COG3241,1.0
2h4f_A,COG0846,1.0
2h5u_A,COG2132,0.9998579
2h63_A,COG0673,0.9999068
2hae_A,COG0281,1.0
2hkv_A,COG2318,0.99995756
2hpv_A,COG1182,1.0
2hqm_A,COG1249,0.9999995
2hr5_A,COG1592,1.0
2hrb_A,COG1028,0.9801635
2hs6_A,COG1902,1.0
2hun_A,COG1088,1.0
2hzh_A,COG2132,0.99976474
2i02_A,COG3871,1.0
2i0z_A,COG2081,1.0
2i3g_A,COG0002,1.0
2i51_A,COG5135,1.0
2i76_A,COG5495,0.99994504
2i7f_A,COG2146,1.0
2i89_A,COG0639,0.99964774
2i99_A,COG2423,1.0
2i9p_A,COG2084,1.0
2ibn_A,COG2206,0.96896994
2ig3_A,COG2346,1.0
2inn_A,COG3350,1.0
2ipi_A,COG0277,0.99999964
2itb_A,COG4445,1.0
2ivd_A,COG1232,0.9999987
2ivf_A,COG0243,0.986471
2ivf_B,COG1140,0.99999404
2iwf_A,COG4263,1.0
2ix6_A,COG1960,0.9999968
2ixa_A,COG0673,0.99580836
2iz0_A,COG0362,1.0
2izz_A,COG0345,1.0
2j3i_A,COG2130,1.0
2j7a_C,COG3005,0.9999999
2j8z_A,COG0604,0.99999416
2jae_A,COG1231,1.0
2jah_A,COG4221,0.99562764
2jbs_A,COG1960,0.99465925
2jd6_0,COG1528,1.0
2jg7_A,COG1012,0.99999833
2jif_A,COG1960,1.0
2jim_A,COG0243,1.0
2jis_A,COG0076,1.0
2jk6_A,COG1249,0.9779468
2jkv_A,COG0362,1.0
2jl1_A,COG0702,0.9987367
2jxm_B,COG3258,0.99942327
2k3v_A,COG1403,0.90983987
2kgk_A,COG0262,1.0
2ksc_A,COG2346,1.0
2l4d_A,COG2010,1.0
2ldb_A,COG0039,1.0
2m6s_A,COG0716,1.0
2mh7_A,COG1018,0.98889846
2mjd_A,COG0633,1.0
2mok_A,COG0716,1.0
2mt9_A,COG0716,1.0
2n0m_A,COG3241,1.0
2nmp_A,COG0626,1.0
2nvk_X,COG1249,0.9983248
2nya_A,COG0243,1.0
2nzl_A,COG1304,1.0
2o08_A,COG1713,1.0
2o1b_A,COG0436,0.9969796
2o23_A,COG1028,0.9906991
2o2q_A,COG1012,0.9999918
2o2s_A,COG1028,0.9491622
2o2y_A,COG0623,0.99999976
2o4c_A,COG0111,0.99959344
2o7p_A,COG0117,0.94664633
2oa1_A,COG0665,0.9553537
2ofp_A,COG1893,1.0
2ogi_A,COG1713,1.0
2ohh_A,COG0426,1.0
2oif_A,COG1018,0.98684806
2okc_A,COG0286,0.9940149
2oln_A,COG0665,0.9992855
2ome_A,COG1052,0.9452124
2ord_A,COG4992,1.0
2ot4_A,COG3303,1.0
2ou5_A,COG0259,1.0
2oys_A,COG0655,0.9356127
2ozy_A,COG3303,0.9995994
2p0n_A,COG3945,0.99980086
2p4z_A,COG1237,1.0
2p5u_A,COG1087,1.0
2pan_A,COG3960,1.0
2pb0_A,COG4992,1.0
2pd3_A,COG0623,1.0
2pd6_A,COG1028,0.99993634
2pg0_A,COG1960,1.0
2pgn_A,COG0028,1.0
2ph5_A,COG5310,1.0
2pia_A,COG1018,1.0
2pkq_O,COG0057,1.0
2pkr_O,COG0057,1.0
2pla_A,COG0240,1.0
2plt_A,COG3794,1.0
2pq7_A,COG1418,0.99951684
2pqm_A,COG0031,1.0
2pv7_A,COG0287,1.0
2pzj_A,COG0451,0.99373865
2pzk_A,COG0451,0.99942315
2q0j_A,COG0491,0.9999976
2q0k_A,COG0492,1.0
2q1w_A,COG0451,0.99997056
2q2q_C,COG1028,0.99417406
2q7v_A,COG0492,1.0
2qa1_A,COG0654,0.99973506
2qa2_A,COG0654,0.9996605
2qcu_A,COG0578,1.0
2qdx_A,COG1018,0.9852306
2qe9_A,COG2318,1.0
2qed_A,COG0491,1.0
2qhx_A,COG1028,0.999899
2qpz_A,COG2146,1.0
2qt6_A,COG2132,0.9972007
2qx1_A,COG0332,1.0
2qx7_A,COG0702,0.9615644
2r0c_A,COG0654,0.9998882
2r1h_B,COG1600,0.9095168
2r50_A,COG1017,0.94060767
2r6h_A,COG2871,1.0
2r6v_A,COG1853,0.9999521
2r96_A,COG0655,1.0
2r9z_A,COG1249,1.0
2raf_A,COG2085,1.0
2rc5_A,COG1018,0.9966749
2rcv_A,COG0605,1.0
2rcy_A,COG0345,1.0
2rd9_A,COG2318,0.99956506
2rgh_A,COG0578,1.0
2rgo_A,COG0578,1.0
2rkb_A,COG1171,1.0
2uuu_A,COG0277,1.0
2uxw_A,COG1960,1.0
2uzz_A,COG0665,0.99999213
2v08_A,COG2010,1.0
2v2k_A,COG1146,1.0
2v3a_A,COG0446,0.9999473
2v3b_B,COG1773,1.0
2v4j_A,COG2221,1.0
2v4j_B,COG2221,1.0
2v6g_A,COG0451,0.9322435
2v8t_A,COG3546,1.0
2v9c_A,COG1182,1.0
2vdc_G,COG0493,1.0
2veb_A,COG5267,0.9970782
2vfr_A,COG0277,0.9999968
2vgz_A,COG1167,0.98971075
2vhx_E,COG0686,1.0
2vig_A,COG1960,1.0
2vn8_A,COG0604,0.9988096
2vna_A,COG2130,0.99999607
2vou_A,COG0654,0.99969864
2vpw_A,COG0243,0.9999994
2vpw_B,COG0437,1.0
2vq3_A,COG2085,1.0
2vr0_A,COG3303,0.9999378
2vry_A,COG1017,1.0
2vvl_A,COG1233,0.9814658
2vyc_A,COG1982,1.0
2vz9_A,COG3321,0.9903814
2vzb_A,COG2406,1.0
2w2l_A,COG0111,0.9992756
2w3a_A,COG0262,1.0
2w3v_A,COG0262,1.0
2w5u_A,COG0716,1.0
2w7w_A,COG0605,1.0
2w88_A,COG3794,0.9999987
2w9s_A,COG0262,1.0
2wbi_A,COG1960,0.9999912
2wc1_A,COG0716,1.0
2wdw_A,COG0277,0.99998975
2wdz_A,COG1028,0.9998222
2wes_A,COG0644,0.9603764
2whd_A,COG0492,0.9999988
2wlb_A,COG0633,1.0
2woi_A,COG1249,0.9718497
2wpn_A,COG1740,1.0
2wsc_C,COG1143,0.9999999
2wy4_A,COG1017,1.0
2wym_A,COG2220,1.0
2wyv_B,COG0623,1.0
2x0r_A,COG0039,1.0
2x2o_A,COG1780,1.0
2x3l_A,COG1982,1.0
2x3n_A,COG0654,0.99999094
2x5d_D,COG0436,1.0
2x5f_A,COG0436,0.99651045
2x6t_A,COG0451,0.9975758
2x7h_A,COG2130,0.9355099
2x8u_A,COG0156,1.0
2x9g_A,COG1028,0.9999666
2xll_A,COG2132,1.0
2xr8_A,COG4638,1.0
2xsj_A,COG2221,1.0
2xsj_B,COG2221,1.0
2xu9_A,COG2132,1.0
2xve_B,COG2072,0.9999981
2xw7_A,COG0262,1.0
2xyk_A,COG2346,1.0
2xyo_A,COG0654,0.9999957
2y05_A,COG2130,1.0
2y08_A,COG0277,0.9999982
2y0f_A,COG0821,1.0
2y53_A,COG1012,0.96543413
2y5c_A,COG0633,1.0
2ydx_A,COG1091,0.99999976
2yev_A,COG0843,1.0
2yev_B,COG1622,1.0
2yf3_A,COG4696,1.0
2yiu_A,COG1290,1.0
2yiu_B,COG2857,1.0
2yiu_C,COG0723,1.0
2yjz_A,COG2085,1.0
2yk3_A,COG3474,1.0
2yku_A,COG0001,1.0
2ymw_A,2Z8IE,0.9982022
2yq5_A,COG1052,0.9999486
2yqb_A,COG2010,0.98146814
2yrr_A,COG0075,1.0
2yut_A,COG0300,0.9919768
2yy7_A,COG0451,0.9994505
2yyi_A,COG2368,1.0
2z1m_A,COG1089,1.0
2z1q_A,COG1960,1.0
2z1z_A,COG0436,1.0
2z6i_A,COG2070,1.0
2zat_A,COG1028,0.9999095
2zb3_A,COG2130,1.0
2zbo_A,COG2010,1.0
2zbw_A,COG0492,1.0
2zcv_A,COG0702,0.99998343
2ziz_A,COG0499,1.0
2zon_G,COG3245,1.0
2zru_A,COG1304,0.999877
2zsj_A,COG0498,1.0
2zt9_D,COG0723,1.0
2zvs_A,COG1145,1.0
2zwn_A,COG2132,0.9999999
2zxh_A,COG0445,1.0
2zxy_A,COG4654,1.0
2zy2_A,COG0436,0.99997103
2zy3_A,COG0436,0.9999956
2zyl_A,COG4638,1.0
2zza_A,COG0262,1.0
2zzi_A,COG0491,1.0
2zzs_A,COG2863,1.0
3a06_A,COG0743,1.0
3a1n_A,COG0451,0.9994073
3a28_C,COG1028,0.99997795
3a2b_A,COG0156,1.0
3a3b_B,COG0307,1.0
3a59_A,COG0161,1.0
3abi_A,COG1748,0.9985813
3afn_B,COG1028,0.9979918
3ah7_A,COG0633,1.0
3ai2_A,COG1028,0.998676
3ak2_A,COG0605,1.0
3ak4_A,COG1028,0.99975926
3aov_A,COG1167,1.0
3aq5_A,COG2346,1.0
3asv_A,COG4221,0.9969682
3au8_A,COG0743,1.0
3av8_A,COG0633,0.9869048
3aw5_A,COG2132,0.9999999
3awi_A,COG0665,0.9946807
3awj_A,COG3424,1.0
3axb_A,COG0665,0.9219369
3ayf_A,COG3256,1.0
3ayx_A,COG0374,1.0
3ayx_B,COG1740,1.0
3azc_A,COG0723,1.0
3b0g_A,COG0155,1.0
3b0h_A,COG0155,1.0
3b0v_C,COG0042,1.0
3b1c_A,COG1168,1.0
3b1f_A,COG0287,1.0
3b2g_A,COG0633,1.0
3b4w_A,COG1012,1.0
3baz_A,COG1052,0.9992448
3bb8_A,COG0399,1.0
3bfr_A,COG0605,1.0
3bhf_A,COG0665,0.9995197
3bjd_A,COG5424,0.9999999
3bk7_A,COG1149,0.9359123
3bkn_B,COG2193,1.0
3bnk_A,COG1853,1.0
3bv6_A,COG2220,0.9999999
3bvf_A,COG1528,1.0
3bw2_A,COG2070,1.0
3bwy_A,COG4122,0.9887368
3bxu_A,32TKA,0.99982905
3c4a_A,COG0654,0.9903494
3c75_A,COG3794,1.0
3c75_L,2ZHBX,1.0
3c96_A,COG0654,0.99999976
3cb0_A,COG1853,1.0
3ccg_A,COG1713,1.0
3cea_A,COG0673,1.0
3cei_A,COG0605,1.0
3cg8_A,COG2132,1.0
3cgb_A,COG0446,0.99996996
3cin_A,COG1260,0.9965653
3clr_D,COG2025,1.0
3cos_A,COG1062,1.0
3cp5_A,COG2010,0.9999664
3cp8_A,COG0445,1.0
3cse_A,COG0262,1.0
3cty_A,COG0492,1.0
3cyt_O,COG3474,1.0
3d19_A,2Z8AB,1.0
3d1a_A,COG5662,0.9824697
3d1c_A,COG2072,0.99997354
3d2d_A,COG0277,0.9977343
3d4p_A,COG0039,1.0
3d4x_A,COG4129,0.91938406
3d64_A,COG0499,1.0
3d89_A,COG2146,1.0
3da1_A,COG0578,1.0
3dby_A,2Z7YK,1.0
3dc5_A,COG0605,1.0
3dc6_A,COG0605,1.0
3dh0_B,COG2226,0.9863935
3dhg_A,COG3350,0.9937405
3di5_A,COG2318,1.0
3djd_A,COG0665,0.9999566
3djl_A,COG1960,0.9999559
3dlc_A,COG2226,0.99723464
3dme_A,COG0579,1.0
3dmi_A,COG2010,1.0
3doc_A,COG0057,1.0
3dod_A,COG0161,1.0
3dp5_A,COG2010,0.9999995
3dr0_A,COG2010,1.0
3dtt_A,COG2085,1.0
3dxw_A,COG0160,1.0
3dxy_A,COG0220,1.0
3dy8_A,COG1418,0.98561436
3dyd_A,COG0436,0.99999857
3e18_A,COG0673,1.0
3e1t_A,COG0644,0.99751186
3e4v_A,COG1853,1.0
3e5r_O,COG0057,1.0
3e77_A,COG1932,1.0
3e8x_A,COG0702,0.99931276
3ec7_A,COG0673,0.9999999
3edo_A,COG0716,1.0
3ee4_A,COG0208,1.0
3eey_D,COG2518,0.9036323
3ef4_A,COG0446,0.99322766
3efv_A,COG1012,1.0
3eh3_A,COG0843,1.0
3ehe_A,COG0451,0.99999964
3ele_A,COG0436,0.9999981
3en1_A,COG4638,1.0
3enk_A,COG1087,1.0
3esf_A,COG0605,1.0
3evk_A,COG0605,1.0
3ey9_A,COG0028,1.0
3f2v_A,COG2249,1.0
3f3s_A,COG1250,0.9999999
3f4b_A,COG0623,1.0
3f6r_A,COG0716,1.0
3f8d_A,COG0492,0.9578235
3f9t_A,COG0076,1.0
3fbs_A,COG0492,1.0
3fcr_A,COG0161,1.0
3fg2_P,COG0446,0.99994564
3fim_B,COG2303,0.9999945
3fjo_A,COG0369,1.0
3fmw_A,COG0654,0.9996686
3fpk_A,COG1018,1.0
3fr8_A,COG0059,1.0
3fvb_A,COG2193,1.0
3g1p_A,COG1235,1.0
3g1u_A,COG0499,1.0
3g3e_A,COG0665,0.9970362
3g5w_A,COG2132,0.9999999
3g89_A,COG0357,1.0
3gb4_A,COG4638,0.99997854
3gce_A,COG2146,1.0
3gcf_A,COG4638,0.99995077
3gdc_A,COG2132,1.0
3gdj_A,COG4129,0.98451984
3geg_A,COG1028,0.989359
3gf4_A,COG0562,1.0
3gfb_A,COG1063,1.0
3ggg_D,COG0287,1.0
3gju_A,COG0161,1.0
3gka_A,COG1902,1.0
3gkq_A,COG4638,1.0
3gmb_A,COG0654,0.9956388
3gnq_B,COG0057,1.0
3gor_A,COG2318,1.0
3gpd_R,COG0057,1.0
3gr7_A,COG1902,1.0
3gvh_A,COG0039,1.0
3gvy_A,COG2193,1.0
3gw7_A,COG1418,1.0
3gwd_A,COG2072,0.9999982
3gyr_A,COG2132,0.99999547
3gyx_A,COG1053,0.9994954
3gyx_B,COG1146,1.0
3gz4_A,COG1028,0.9902946
3gzx_A,COG4638,1.0
3h1h_D,COG2857,1.0
3h1h_E,COG0723,1.0
3h1s_A,COG0605,1.0
3h2s_A,COG2910,1.0
3h33_A,COG1251,0.9822613
3h34_A,COG1403,0.96046025
3h4n_A,COG1403,0.99889475
3h9e_O,COG0057,1.0
3h9u_A,COG0499,1.0
3had_A,COG1250,1.0
3hc1_A,COG1639,1.0
3hdq_A,COG0562,1.0
3hf1_A,COG0208,1.0
3hf3_A,COG1902,1.0
3hja_A,COG0057,1.0
3hmz_A,COG1853,0.99999905
3hq6_A,COG1858,0.99999964
3hqt_A,COG0156,1.0
3hrd_B,COG1529,1.0
3hrd_C,COG1319,1.0
3hrd_D,COG2080,1.0
3hui_A,COG0633,1.0
3hwr_A,COG1893,1.0
3hyv_A,COG0446,0.9846091
3i16_B,COG4100,1.0
3i3l_A,COG0644,0.99440295
3i5t_A,COG0161,1.0
3i6d_A,COG1232,1.0
3i99_A,COG0812,1.0
3iah_A,COG1028,0.9977223
3ic9_A,COG1249,0.9999994
3icc_A,COG1028,0.999342
3icp_A,COG0451,0.9999994
3icr_A,COG0446,0.99990046
3if2_A,COG3977,1.0
3ihg_A,COG0654,0.9996283
3ihj_A,COG0436,0.9999366
3ii0_A,COG1448,1.0
3ii4_A,COG1249,1.0
3ijp_A,COG0289,1.0
3ijr_A,COG1028,0.99998033
3ing_A,COG0460,1.0
3is7_A,COG2193,1.0
3isl_A,COG0075,1.0
3itj_A,COG0492,1.0
3iup_A,COG0604,0.9989869
3iwk_A,COG1012,1.0
3ix9_A,COG0262,1.0
3j16_B,COG1120,0.9147887
3js4_A,COG0605,1.0
3js8_A,COG0277,0.99981874
3jsa_A,COG0460,1.0
3ju8_A,COG1012,1.0
3jyn_A,COG0604,1.0
3jyo_A,COG0169,1.0
3jz4_A,COG1012,1.0
3k28_A,COG0001,1.0
3k2b_A,COG0057,1.0
3k7m_X,COG1231,0.99942434
3k7y_A,COG1448,1.0
3k87_A,COG1853,1.0
3ka7_A,COG1233,0.9997603
3kap_A,COG0716,1.0
3kb6_A,COG1052,0.9984824
3kbo_A,COG0111,0.9998987
3keo_A,COG2344,1.0
3kgw_A,COG0075,1.0
3kgy_A,COG0262,1.0
3kkj_A,COG3380,1.0
3klb_A,COG0716,1.0
3klj_A,COG1251,0.9999993
3kpf_A,COG1231,0.99998283
3kru_A,COG1902,1.0
3kve_A,COG1231,0.99999034
3kvo_A,COG1028,0.9837789
3kw7_A,COG2132,0.999824
3l0d_A,COG0057,1.0
3l4m_A,COG1858,0.99990916
3l6b_A,COG1171,1.0
3l8a_A,COG1168,1.0
3lad_A,COG1249,1.0
3lb8_A,COG0446,0.99951077
3lcm_A,COG2249,1.0
3ldh_A,COG0039,1.0
3lf5_A,COG1309,0.9966384
3lio_A,COG0605,1.0
3lov_A,COG1232,1.0
3lu1_A,COG0451,0.9869141
3lv2_A,COG0161,1.0
3lvj_A,COG1104,1.0
3lxd_A,COG0446,0.9975938
3lxf_A,COG0633,1.0
3m2t_A,COG0673,0.9999944
3m6w_A,COG0144,1.0
3m97_X,COG3474,1.0
3mb5_A,COG2519,0.99990344
3md7_A,COG1235,1.0
3meb_A,COG1448,1.0
3mk7_A,COG3278,1.0
3mk7_B,COG2993,1.0
3mk7_C,COG2010,1.0
3mkh_A,COG1960,0.9901416
3ml1_A,COG0243,1.0
3ml1_B,COG3043,1.0
3mm5_A,COG2221,1.0
3mm5_B,COG2221,1.0
3mpi_A,COG1960,1.0
3mtg_A,COG0499,1.0
3myr_A,COG1740,1.0
3myr_B,COG0374,1.0
3n0q_A,COG4638,1.0
3n37_A,COG0208,1.0
3n39_C,COG1780,1.0
3n58_A,COG0499,1.0
3ndr_A,COG1028,0.9920887
3nf4_A,COG1960,1.0
3ngl_A,COG0190,1.0
3nix_A,COG0644,0.9986211
3nj4_A,COG0499,1.0
3nne_A,COG2303,1.0
3noy_A,COG0821,1.0
3nqw_A,COG0317,1.0
3nr1_A,COG0317,1.0
3nrc_A,COG0623,1.0
3nrr_A,COG0207,0.9999825
3nt2_A,COG0673,1.0
3nt6_A,COG0446,0.99827063
3nx4_A,COG0604,0.9999988
3nyc_A,COG0665,0.9998611
3nys_A,COG0399,1.0
3o03_A,COG1028,0.99974746
3o0h_A,COG1249,0.9999999
3o0r_B,COG3256,1.0
3o0r_C,COG2010,0.9999993
3o26_A,COG1028,0.9937495
3o4r_A,COG1028,0.9999399
3o5c_A,COG1858,1.0
3o73_A,COG2249,1.0
3o9z_A,COG0673,0.978909
3oa2_A,COG0673,0.99996126
3oa8_A,COG3258,1.0
3oa8_B,COG2010,0.9999933
3oc4_A,COG0446,0.99906105
3oet_A,COG0111,0.99991834
3ogh_B,COG3685,1.0
3oid_A,COG1028,0.9834622
3oif_A,COG0623,1.0
3oix_A,COG0167,1.0
3ojl_A,COG0677,1.0
3ond_A,COG0499,1.0
3or1_A,COG2221,1.0
3or1_B,COG2221,1.0
3ov0_A,COG3005,0.99994874
3owa_A,COG1960,1.0
3oz2_A,COG0644,0.9979665
3p19_A,COG4221,0.99442935
3p1m_A,COG0633,1.0
3p2o_A,COG0190,1.0
3p62_A,COG1902,1.0
3pc2_A,COG0031,1.0
3pdu_A,COG2084,1.0
3pef_A,COG2084,1.0
3per_A,COG3396,1.0
3pft_A,COG1853,1.0
3pgx_A,COG1028,0.95946443
3phi_A,COG0169,1.0
3pm9_A,COG0277,1.0
3pop_A,COG0277,0.99998534
3pps_A,COG2132,0.96873546
3pqd_D,COG0039,1.0
3ptz_A,COG1004,1.0
3pvc_A,COG0665,0.99873763
3pvz_A,COG1086,0.99984396
3pxx_A,COG1028,0.9978362
3pym_A,COG0057,1.0
3q3c_A,COG2084,1.0
3q4q_A,COG4902,1.0
3qb9_A,COG2193,1.0
3qbo_A,COG1932,1.0
3qfx_A,COG0262,0.99999976
3qqq_A,COG1017,1.0
3qvn_A,COG0605,1.0
3qwb_A,COG0604,1.0
3qwf_A,COG1028,0.9996356
3r2l_A,COG2193,1.0
3r2u_A,COG0491,0.98810834
3r3s_A,COG1028,0.9988181
3r9u_A,COG0492,0.9999999
3rbf_A,COG0076,1.0
3rbv_A,COG0673,0.9999989
3rde_A,COG2120,0.9561501
3red_A,COG2303,0.999979
3rgw_L,COG0374,1.0
3rgw_S,COG1740,1.0
3rh7_A,COG1853,1.0
3riy_A,COG0846,1.0
3rj8_A,COG0277,1.0
3rku_A,COG4221,0.932202
3rp6_A,COG0654,0.99995244
3rpe_A,COG2249,1.0
3rsh_A,COG1028,0.9999685
3s1i_A,COG1017,1.0
3s2e_E,COG1064,1.0
3s2y_A,COG0431,1.0
3s55_A,COG1028,0.95741916
3s5w_A,COG3486,1.0
3sbp_A,COG4263,1.0
3sc6_A,COG1091,1.0
3sef_A,COG0169,1.0
3sid_A,COG1633,0.99005437
3sj7_A,COG1028,0.99998224
3sju_A,COG1028,0.98183846
3slk_A,COG0604,0.9551873
3sqr_A,COG2132,0.9999597
3sqz_A,COG3425,1.0
3ss7_X,COG3048,1.0
3sth_A,COG0057,1.0
3svl_A,COG0431,1.0
3sx2_A,COG1028,0.99522996
3sx6_A,COG0446,0.9996799
3sxp_A,COG0451,0.99978834
3sxq_A,COG3303,0.99921906
3t37_A,COG2303,1.0
3t4e_A,COG0169,1.0
3t6v_A,COG2132,0.9968263
3t7c_A,COG1028,0.99786526
3t9w_A,COG2132,1.0
3tas_A,COG2132,1.0
3tat_A,COG1448,1.0
3tjl_A,COG1902,0.99999225
3tjt_A,COG0605,1.0
3tka_A,COG0275,1.0
3tm8_A,COG2206,0.98971903
3tn7_A,COG4221,0.944627
3tnl_A,COG0169,1.0
3tox_A,COG1028,0.99190253
3tsc_A,COG1028,0.994649
3tu6_A,COG3794,0.999861
3two_A,COG1064,1.0
3tx1_A,COG0812,1.0
3u31_A,COG0846,0.97255534
3u4c_A,COG1028,0.9888649
3u99_A,COG3658,1.0
3ubr_A,COG3303,1.0
3uce_A,COG1028,0.9995528
3ucp_A,COG3303,0.999858
3uf0_A,COG1028,0.9991948
3ukh_A,COG1232,0.9959572
3uko_A,COG1062,1.0
3ulk_A,COG0059,1.0
3uov_A,COG2072,0.9999528
3uqy_L,COG0374,1.0
3uqy_S,COG1740,1.0
3urh_A,COG1249,1.0
3uve_A,COG1028,0.998075
3uxy_C,COG1028,0.99814725
3v1u_A,COG1028,0.9967235
3v9l_A,COG1012,0.9899738
3vax_A,COG1104,1.0
3vaz_P,COG0057,1.0
3vbe_A,COG0031,1.0
3vdq_A,COG1028,0.9999658
3vo1_A,COG0369,1.0
3vps_A,COG0451,0.9992405
3vr8_A,COG1053,0.99999297
3vr8_B,COG0479,1.0
3vrd_A,COG2863,1.0
3vrd_B,COG0446,0.9872075
3vte_A,COG0277,0.99871933
3vv9_A,COG2941,0.99999607
3vvb_A,COG1086,1.0
3vz3_A,COG1012,0.99999964
3w6u_A,COG2084,1.0
3w77_A,COG1182,1.0
3w78_A,COG1182,1.0
3w8w_A,COG0277,1.0
3wbb_A,COG0673,0.9942392
3wd7_A,COG3424,1.0
3we0_A,COG1231,1.0
3wfj_A,COG1893,1.0
3wfw_A,COG1017,1.0
3wle_A,COG1064,1.0
3wmx_A,COG0451,0.9976584
3wr5_A,COG1052,0.9962936
3wsw_A,COG0039,1.0
3wxb_A,COG1028,0.9882699
3wxy_A,COG3424,1.0
3wyc_A,COG1712,1.0
3x0y_A,COG1960,0.99999964
3x1b_A,COG2132,0.99995506
3x1e_A,COG2132,0.99998415
3x2y_A,COG2220,1.0
3x43_A,COG0031,1.0
3zbn_A,COG0183,1.0
3zcx_A,COG0057,1.0
3zhb_A,COG2084,1.0
3zhw_A,COG1017,0.99999464
3zqa_A,COG1012,1.0
3zrp_A,COG0075,1.0
3zw9_A,COG1250,0.91334313
3zx1_A,COG2132,0.99999905
3zyy_X,COG3894,1.0
4a0s_A,COG0604,0.99999523
4a2f_A,COG2132,0.9993767
4a6t_A,COG0161,1.0
4a7p_A,COG1004,1.0
4a9w_A,COG2072,0.9999976
4aal_A,COG1858,1.0
4aay_A,COG0243,0.9781895
4aay_B,COG0723,1.0
4ab4_A,COG1902,1.0
4adb_A,COG4992,1.0
4aec_A,COG0031,0.999532
4ag3_A,COG1028,0.9998865
4ali_A,COG0623,1.0
4am2_A,COG2193,1.0
4ao9_A,COG0001,1.0
4aos_A,COG2072,0.9999999
4at0_A,COG1053,0.9999994
4atp_A,COG0160,1.0
4aut_A,COG0277,1.0
4b2n_A,COG1858,0.9997799
4b3j_C,COG0183,1.0
4b4d_A,COG0543,0.99996614
4b4o_A,COG1090,1.0
4b5n_A,COG1902,1.0
4b63_A,COG3486,1.0
4b7x_A,COG2130,1.0
4b9b_A,COG0161,1.0
4bby_A,COG0277,0.9999994
4bf9_A,COG0042,1.0
4bjy_A,COG0654,0.9823277
4bkp_A,COG0451,0.99822515
4bmk_A,COG0156,1.0
4bmo_A,COG0208,1.0
4bmv_A,COG0300,0.9991654
4br6_A,COG0605,1.0
4bv9_A,COG2423,1.0
4bww_A,COG3241,1.0
4bzc_A,COG1078,0.99632746
4c0n_A,COG2346,1.0
4c0w_A,COG1182,1.0
4c2j_A,COG0183,1.0
4c3o_A,COG0374,1.0
4c3o_B,COG1740,1.0
4c3x_A,COG1053,1.0
4c7u_A,COG0605,1.0
4cbq_A,COG0492,1.0
4cet_A,COG2249,0.9999962
4chl_A,COG0491,0.9999865
4ci0_B,COG1941,0.99839056
4cjx_A,COG0190,1.0
4cmy_A,COG1528,1.0
4cnj_A,COG2081,1.0
4coo_A,COG0031,1.0
4cql_N,COG1028,0.98220426
4cvq_A,COG0436,1.0
4cw5_A,COG2070,0.9999764
4d02_A,COG0426,1.0
4d3f_B,COG2084,1.0
4d6t_R,COG0723,1.0
4d6u_D,COG2857,1.0
4d7e_A,COG3486,1.0
4d8f_A,COG0208,1.0
4dcm_A,COG2813,0.99996674
4dgt_A,COG1168,1.0
4di0_A,COG1592,1.0
4dl9_A,COG1062,1.0
4dmm_B,COG1028,0.9959222
4dna_A,COG1249,1.0
4dns_A,COG0277,0.93744266
4dp0_X,COG3794,1.0
4dql_A,COG0369,1.0
4dr0_A,COG0208,1.0
4dsg_A,COG1232,0.9001448
4dy9_A,COG3474,1.0
4dyd_A,COG1250,1.0
4e0v_A,COG1231,0.9972029
4e1o_A,COG0076,0.99999964
4e2b_A,COG1902,1.0
4eb5_A,COG1104,1.0
4ebf_A,COG1052,0.9720489
4eh1_A,COG1018,1.0
4eie_A,COG2010,0.9999851
4ej0_A,COG0451,0.99553263
4ejm_A,COG1063,1.0
4emj_B,COG2146,1.0
4emy_A,COG1448,1.0
4ese_A,COG1182,1.0
4eso_A,COG1028,0.99479455
4euf_A,COG3007,1.0
4f07_A,COG1853,1.0
4f2n_A,COG0605,1.0
4f3x_A,COG1012,1.0
4f4f_A,COG0498,1.0
4fbg_A,COG3007,1.0
4fc6_A,COG1028,0.99920195
4fdn_A,COG0277,1.0
4ffk_A,COG0605,1.0
4fk1_A,COG0543,0.99166846
4fl0_A,COG0436,0.99998844
4fn4_A,COG1028,0.9997701
4fwe_A,COG1231,0.99999654
4fx9_A,COG0446,0.9999635
4fxc_A,COG0633,0.99673057
4g1b_A,COG1018,0.99968743
4g32_A,COG0753,0.9112027
4g38_A,COG0155,1.0
4g6g_A,COG1252,1.0
4gcm_A,COG0492,1.0
4gd3_A,COG1969,1.0
4gh5_A,COG1028,0.998725
4gi2_A,COG0604,0.9987828
4gi5_A,COG2249,1.0
4gkv_A,COG1064,1.0
4glo_A,COG1028,0.9943298
4gmg_A,COG4693,1.0
4go4_A,COG1012,1.0
4gx2_A,COG1226,0.9999994
4gyd_A,COG2010,0.99999714
4h0d_A,COG0491,1.0
4h2d_A,COG0369,1.0
4h3e_A,COG0605,1.0
4hb9_A,COG0654,0.99983263
4hcf_A,COG3794,0.999915
4heq_A,COG0716,1.0
4hfm_A,COG2130,1.0
4hms_A,COG0259,1.0
4hmw_A,COG0259,1.0
4hnh_A,COG0702,0.99822706
4hp8_A,COG1028,0.99968266
4hr0_A,COG0208,0.9991866
4hr3_A,COG1960,0.9999354
4i1i_A,COG0039,1.0
4i3x_A,COG1012,0.9999709
4i58_A,COG1231,0.99999976
4i5e_A,COG1028,0.9985146
4i5i_A,COG0846,0.99995255
4i8p_A,COG1012,1.0
4i8q_A,COG1012,1.0
4ici_A,COG0716,1.0
4id8_A,COG1141,1.0
4id9_A,COG0451,0.99987745
4idb_A,COG0604,0.9999933
4ihi_A,COG1012,0.9996525
4iin_A,COG1028,0.9998599
4iiu_A,COG1028,0.991115
4imr_A,COG1028,0.99081767
4iqg_C,COG1028,0.99897873
4iql_A,COG2070,1.0
4irn_A,COG1960,0.999998
4is3_A,COG1028,0.99243236
4itk_A,COG1018,0.9551808
4iv9_A,COG1231,1.0
4ivm_B,COG1232,0.9923355
4iym_A,COG1012,0.9999995
4j20_A,COG3245,1.0
4j2o_A,COG1086,1.0
4j8p_A,COG0716,1.0
4j9u_E,COG0569,1.0
4jap_C,COG3424,1.0
4jay_A,COG0812,1.0
4jbi_A,COG0604,0.9999901
4jdr_A,COG1249,1.0
4je5_A,COG1167,0.9965305
4jlw_A,COG1063,1.0
4jn9_A,COG0492,1.0
4jro_B,COG1028,0.9999279
4jwu_C,COG0633,1.0
4k28_A,COG0169,1.0
4k2x_A,COG0654,0.9999676
4k9d_A,COG0057,1.0
4kcf_A,COG1960,0.9999888
4kl8_L,COG2925,1.0
4kl9_A,COG0262,1.0
4kmg_A,COG2010,0.9999733
4kns_A,COG2132,0.9997664
4kpu_A,COG2025,1.0
4kqw_A,COG0059,1.0
4kt0_B,COG2885,0.9511726
4kt0_C,COG1143,1.0
4kto_A,COG1960,1.0
4kug_A,COG1250,1.0
4kwh_A,COG1028,0.99119884
4l0o_H,COG0626,1.0
4l1f_A,COG1960,1.0
4l2o_A,COG1012,0.999998
4l82_A,COG1853,1.0
4la1_A,COG1249,0.9998286
4laf_A,COG0655,1.0
4lis_A,COG1087,1.0
4lji_A,COG2010,0.9998511
4lm8_A,COG3303,0.9962006
4lma_A,COG0031,1.0
4lmb_A,COG0031,1.0
4lmh_A,COG3303,0.99992156
4lrl_A,COG1078,1.0
4lrs_B,COG4569,1.0
4lrt_C,COG0119,1.0
4lsm_A,COG0057,1.0
4ltm_A,COG0431,1.0
4ltu_A,COG0633,1.0
4lvc_A,COG0499,1.0
4lw2_A,COG0520,1.0
4m0c_A,COG1182,1.0
4m2j_A,COG0436,0.9999999
4m3h_A,COG2132,1.0
4m7u_A,COG0262,1.0
4m87_A,COG0623,1.0
4mcw_A,COG3437,0.9071187
4mdh_A,COG0039,1.0
4min_A,COG0673,0.9999994
4ml8_A,COG0277,0.99998367
4mo2_A,COG0562,1.0
4mok_A,COG0665,0.9434607
4mp6_A,COG2423,1.0
4mpy_A,COG1012,1.0
4mvj_C,COG0057,1.0
4n0w_A,COG0112,1.0
4n58_A,COG1018,0.99383014
4n5m_A,COG1028,0.99920446
4n6w_A,COG4341,1.0
4n82_B,COG1780,1.0
4n83_A,COG0208,1.0
4nbt_A,COG1028,0.9999901
4nbu_B,COG1028,0.99964285
4nbw_A,COG1028,0.99999225
4new_A,COG1249,0.99974984
4nh4_A,COG2130,1.0
4nhd_A,COG0332,1.0
4nhe_A,COG0673,1.0
4nk1_A,COG2346,1.0
4nk5_A,COG0623,1.0
4nmj_A,COG1012,1.0
4nog_A,COG4992,1.0
4nr0_A,COG0623,1.0
4ntc_A,COG0492,0.90097016
4ntd_A,COG0492,1.0
4nwz_A,COG1252,1.0
4o0l_A,COG1028,0.9998517
4o1w_A,COG2863,1.0
4o6z_A,COG0112,1.0
4o95_A,COG0277,0.99933714
4o9c_C,COG0183,1.0
4o9u_B,COG1282,1.0
4o9u_F,COG3288,1.0
4oaq_A,COG1064,1.0
4obu_E,COG0076,1.0
4ogq_C,COG3258,0.9970873
4ohu_A,COG0623,1.0
4ol9_A,COG1893,1.0
4om8_A,COG1250,1.0
4omf_A,COG3259,0.99995804
4ooe_A,COG0743,1.0
4oqy_A,COG2084,1.0
4ot7_A,COG1902,1.0
4oxx_A,COG0369,0.99999726
4oyn_A,COG1528,1.0
4p6v_F,COG2871,1.0
4p8r_A,COG0057,1.0
4pab_A,COG0665,0.99918693
4pff_A,COG0112,1.0
4plc_B,COG0039,1.0
4plp_A,COG5310,1.0
4prl_A,COG1052,0.9946596
4ptz_C,COG0431,1.0
4pvd_A,COG0451,0.99278647
4pw3_A,COG2041,1.0
4pw9_B,COG2010,0.9869751
4pxl_A,COG1012,1.0
4pxn_A,COG1012,0.9999993
4pyt_A,COG0812,1.0
4pz2_A,COG1012,1.0
4pzd_A,COG1250,1.0
4q2c_A,COG1203,0.9949327
4q4k_A,COG2070,0.9999647
4qdc_A,COG4638,1.0
4qdf_B,COG4638,1.0
4qdj_A,COG2227,0.9312858
4qec_A,COG1028,0.98047125
4qgr_A,COG0399,1.0
4qi7_A,COG2303,0.99789137
4qnw_A,COG1902,1.0
4qo5_A,COG3303,0.90057755
4qqw_A,COG1203,0.9998883
4qup_A,COG4638,1.0
4qx6_A,COG0057,1.0
4qys_A,COG1350,0.99996173
4r0v_A,COG4624,1.0
4r1s_A,COG0451,0.97272396
4r2n_A,COG0079,1.0
4r42_A,COG3546,1.0
4r5m_A,COG0136,1.0
4r81_A,COG2249,1.0
4r8d_A,COG0079,1.0
4ras_A,COG1600,0.999984
4rc7_B,COG1633,0.9995177
4rep_A,COG1233,1.0
4rf2_A,COG1028,0.9921037
4rgb_A,COG1028,0.99258584
4rkd_A,COG1448,1.0
4rl6_A,COG1748,1.0
4rmg_A,COG0846,0.99828315
4rnu_A,COG1902,0.99999976
4rnx_A,COG1902,1.0
4rqu_B,COG1062,1.0
4rsl_A,COG0665,0.9894693
4rvu_A,COG0604,1.0
4s1b_A,COG1480,1.0
4s3m_A,COG1893,1.0
4tkm_B,COG1028,0.99807274
4tlx_A,COG3486,1.0
4tpu_A,COG4802,1.0
4tqg_A,COG1086,0.9999795
4tsk_A,COG0059,1.0
4twr_A,COG1087,1.0
4u2t_A,COG2303,0.99999964
4u8u_D,COG1017,1.0
4u8u_T,COG1309,0.9772232
4uam_A,COG0491,0.9999312
4ubt_A,COG0183,1.0
4ud8_A,COG0277,0.9897078
4uhm_A,COG0161,1.0
4uir_A,COG4716,1.0
4uox_A,COG4992,1.0
4upe_A,COG1740,1.0
4uqu_A,COG1600,0.9999995
4uqv_A,COG0112,1.0
4urf_A,COG1028,0.99986243
4usq_A,COG2072,1.0
4usr_A,COG2072,1.0
4uur_A,COG2346,1.0
4uzv_A,COG2346,1.0
4v0h_A,COG0491,0.999998
4v2k_A,COG3258,1.0
4v37_A,COG1012,1.0
4w5k_A,COG1448,1.0
4w9z_A,COG1622,1.0
4wbt_A,COG0079,1.0
4wct_A,COG0665,0.99728405
4wec_A,COG1028,0.9825005
4weq_A,COG0111,0.99953663
4wji_A,COG0287,1.0
4wqm_A,COG1018,1.0
4wuv_A,COG1028,0.9997316
4wwj_A,COG5424,1.0
4wzh_A,COG0167,0.99994755
4x0t_A,COG1012,0.9999943
4x4j_A,COG0654,0.97799003
4x9m_A,COG0579,0.9928738
4xau_C,COG0399,1.0
4xb1_A,COG0460,1.0
4xdc_A,COG4624,0.9999094
4xdi_A,COG2346,1.0
4xds_A,COG0232,1.0
4xdz_A,COG0059,1.0
4xgi_A,COG0334,1.0
4xgn_A,COG1028,0.990155
4xj2_A,COG1853,1.0
4xkj_A,COG1052,0.9999844
4xl4_A,COG0183,1.0
4xq6_A,COG0167,1.0
4xr9_A,COG0677,1.0
4xrb_A,COG1985,1.0
4xx0_A,COG0074,1.0
4xxl_A,COG4654,1.0
4xyb_A,COG1052,0.98739374
4xyd_A,COG3256,1.0
4xyd_B,COG2010,0.9999968
4xyl_A,COG1042,1.0
4y9j_A,COG1960,0.9996768
4ydd_B,COG1140,1.0
4yet_A,COG0605,1.0
4yhb_A,COG2375,1.0
4yio_A,COG0605,1.0
4yip_A,COG0605,1.0
4ylf_A,COG0543,1.0
4ylf_B,COG0493,1.0
4ynu_A,COG2303,0.9996221
4yr9_A,COG0451,0.9989901
4ysb_A,COG0491,1.0
4ysh_A,COG0665,1.0
4ysk_A,COG0491,1.0
4ywj_A,COG0289,1.0
4ywo_A,COG1249,0.99999654
4yx6_A,COG2070,1.0
4z0h_O,COG0057,1.0
4z2r_A,COG0654,0.9873052
4z38_A,COG2070,1.0
4z3w_A,COG2414,1.0
4z3w_E,COG1142,1.0
4z67_A,COG1235,1.0
4za2_D,COG1028,0.9998247
4zgs_A,COG1052,0.99984574
4zho_A,COG1018,0.9999405
4zhp_A,COG1018,0.94522905
4zju_A,COG0623,1.0
4zkh_A,COG2329,0.97249246
4zm3_A,COG0001,1.0
4zoh_A,COG1529,0.9969944
4zoh_B,COG1319,1.0
4zoh_C,COG2080,1.0
4zqb_A,COG0111,0.9999999
4zqh_A,COG0743,1.0
4zrm_A,COG1087,1.0
4ztt_A,COG1528,1.0
4zu6_X,COG0031,1.0
4zvv_A,COG0039,1.0
4zz7_A,COG1012,0.9999999
5a02_A,COG0673,1.0
5a3c_A,COG0846,0.99996245
5a4d_A,COG0604,0.9999989
5a9g_A,COG0605,1.0
5a9s_A,COG2084,1.0
5aa5_A,COG1740,1.0
5aa5_C,COG0374,1.0
5ab6_A,COG0183,0.9991591
5abr_A,COG3411,1.0
5af7_A,COG1960,1.0
5ahk_A,COG0028,0.9999994
5akr_A,COG2132,0.9998809
5aov_A,COG1052,0.985802
5aq1_A,COG0364,1.0
5aur_A,COG4654,1.0
5ayv_A,COG1893,1.0
5b1y_A,COG1028,0.9944793
5b3u_B,COG1013,0.99993694
5b53_A,COG0031,1.0
5b6q_A,COG3245,1.0
5b7e_A,COG2132,0.99999523
5b87_A,COG0520,1.0
5bju_A,COG1086,1.0
5bok_A,COG2146,1.0
5bqf_A,COG0111,0.9997073
5br7_A,COG0562,1.0
5bsf_A,COG0345,1.0
5bt9_A,COG1028,0.99773777
5buk_A,COG0644,0.9999012
5bul_A,COG0644,0.98363036
5bz4_B,COG0183,1.0
5c3m_A,COG1486,1.0
5c3u_A,COG1171,1.0
5c4i_B,COG1146,0.99999976
5c4i_C,COG1013,1.0
5c6u_A,COG1167,0.99980205
5cee_A,COG0281,1.0
5cg1_A,COG0623,1.0
5cho_A,COG1853,1.0
5cvc_A,COG1171,1.0
5cxm_A,COG0723,1.0
5d08_A,COG1600,1.0
5d1v_A,COG2346,1.0
5d6s_A,COG1600,1.0
5d84_A,COG0031,1.0
5da5_B,COG3461,1.0
5dbj_E,COG0644,0.9999355
5dds_A,COG4992,0.99999917
5dfs_A,COG3474,1.0
5dn9_A,COG1052,0.94472283
5doz_A,COG0604,0.9999956
5dp2_A,COG0604,1.0
5dqr_A,COG1035,0.98068446
5dt9_A,COG0111,0.99988043
5dul_A,COG0743,1.0
5dx5_A,COG0626,1.0
5dxx_A,COG1902,1.0
5eb4_A,COG2303,0.9999968
5ecc_A,COG0262,1.0
5ees_A,COG0289,1.0
5ehf_A,COG2132,0.9997335
5ein_A,COG0002,1.0
5ej2_A,COG1028,0.98994106
5ek8_A,COG0753,0.99218845
5env_A,COG1064,1.0
5eow_A,COG0654,0.99999857
5epo_A,COG1028,0.9971064
5er0_A,COG0446,0.9757681
5evy_X,COG0654,0.99679714
5ey5_B,COG0133,1.0
5ez3_A,COG1960,0.99960476
5ez7_A,COG0665,0.9859794
5f38_C,COG0183,1.0
5f3r_A,COG0562,1.0
5f5n_A,COG0702,0.99988127
5fc9_A,COG3794,0.9974891
5feu_A,COG1028,0.99964035
5ffi_A,COG0633,0.99999976
5fhz_A,COG1012,0.99999964
5fi3_A,COG1064,1.0
5fjm_A,COG0665,0.999466
5fnn_A,COG2846,1.0
5fqa_A,COG0491,1.0
5fxd_A,COG0277,0.99999154
5g2p_A,COG0160,1.0
5g4i_A,COG0160,1.0
5g4l_A,COG1028,0.98245066
5g5g_A,COG2080,1.0
5g5g_B,COG1319,1.0
5g5g_C,COG1529,1.0
5g6r_A,COG2084,1.0
5glg_A,COG1053,0.99999344
5gp4_C,COG0076,1.0
5gsn_A,COG2072,0.9990638
5gtk_A,COG1012,1.0
5gud_A,COG0334,1.0
5guw_M,COG2010,0.999984
5gvh_A,COG2070,1.0
5gy7_A,COG1087,1.0
5gzi_B,COG2423,1.0
5h4d_A,COG0846,0.99999714
5h57_A,COG1018,0.9999994
5h81_A,COG1064,0.9987337
5h8v_A,COG0155,1.0
5ha5_B,COG1028,0.99965537
5hdm_B,COG0001,1.0
5hm8_A,COG0499,1.0
5hs6_A,COG1028,0.9845108
5hsj_A,COG0076,1.0
5hwo_A,COG3425,1.0
5hxw_A,COG0665,0.9999409
5i1v_A,COG0277,1.0
5i39_A,COG0665,0.9999411
5i68_A,COG2303,0.9982363
5i6d_A,COG0031,1.0
5i7f_B,COG0623,1.0
5i90_A,COG0520,1.0
5idu_A,COG1960,0.99999857
5idw_A,COG1028,0.96507096
5idy_A,COG1028,0.992235
5ie9_A,COG1694,1.0
5ijg_A,COG0626,1.0
5iuv_A,COG1012,1.0
5iwq_A,COG1167,1.0
5j5z_A,COG1249,1.0
5j60_A,COG0492,1.0
5j6b_A,COG1012,0.99999833
5j7x_A,COG2072,0.99999917
5jca_L,COG0493,1.0
5jca_S,COG0543,1.0
5jci_A,COG0446,0.9998654
5je8_A,COG2084,1.0
5jfl_A,COG1012,0.99977463
5jla_A,COG1028,0.9855108
5jri_A,COG0492,0.9978592
5jsc_A,COG1960,0.9999993
5jsh_B,COG2925,1.0
5jwa_A,COG1252,0.99999964
5jy1_A,COG1028,0.98980355
5jyd_A,COG1028,0.9976501
5jzx_A,COG0812,1.0
5k1r_A,COG0076,1.0
5k53_A,COG1633,0.9999821
5k8e_A,COG0277,0.99667335
5k9b_A,COG0716,1.0
5kf0_A,COG1012,1.0
5kf6_A,COG1012,0.9491976
5kik_A,COG2220,1.0
5kj5_A,COG1012,1.0
5kkz_B,COG2857,1.0
5koi_A,COG0623,1.0
5kow_A,COG0654,0.99999964
5kp2_B,COG0332,1.0
5kp7_B,COG0236,1.0
5krr_A,COG0743,1.0
5kva_A,COG4122,0.9990682
5kvh_A,COG0446,0.99706286
5l3z_A,COG0702,0.999519
5l4s_A,COG1028,0.98921824
5l53_A,COG1028,0.9961952
5l78_A,COG1748,0.98413056
5lae_A,COG1231,0.9997645
5lc5_E,COG1905,1.0
5lc5_F,COG1894,1.0
5ld5_A,COG0057,1.0
5ldw_G,COG1034,1.0
5lh9_A,COG0161,1.0
5lhl_A,COG2132,1.0
5lji_A,COG0716,1.0
5ll3_A,COG0160,1.0
5lnk_d,COG0702,0.99388325
5lnk_N,COG1007,0.91219646
5lnx_A,COG1960,1.0
5lo9_A,COG3258,0.9997714
5lsm_A,COG0075,1.0
5lva_A,COG2249,1.0
5lvw_A,COG1960,0.9997924
5lwx_A,COG2132,0.99383837
5m0z_A,COG2072,0.99975747
5m46_A,COG0160,1.0
5m5j_A,COG0492,1.0
5mh4_A,COG0492,1.0
5mh5_A,COG0111,0.9999938
5mhw_A,COG2132,0.9999579
5mln_A,COG1028,0.9088398
5mq6_A,COG2072,0.99999535
5mso_A,COG0318,0.9757126
5msp_A,COG0318,0.97781277
5mxy_A,COG2010,0.99999046
5n0j_A,COG0492,0.9995266
5n0k_A,COG2132,0.9883586
5n1t_A,COG0446,0.9999403
5n1t_B,COG2863,1.0
5n2i_A,COG2085,1.0
5n56_A,COG0605,1.0
5n57_A,COG0605,1.0
5n5d_A,COG4122,0.99997914
5n5e_B,COG1633,0.99999964
5n5s_A,COG1012,0.9999999
5n6g_A,COG1902,1.0
5n6q_A,COG1902,1.0
5na1_A,COG1252,1.0
5ncc_A,COG2303,0.999998
5nii_A,COG0492,1.0
5nmw_A,COG2072,0.99999
5nno_A,COG1012,0.9998292
5nq7_A,COG2132,0.9999025
5nue_A,COG0039,1.0
5nzw_A,COG0491,0.9646763
5o1l_A,2Z8CU,1.0
5o5c_A,COG0076,1.0
5o8h_A,COG1064,1.0
5o8p_B,COG3486,1.0
5o98_A,COG1028,0.90548706
5oc0_A,COG3038,1.0
5ocm_A,COG2084,1.0
5ocs_A,COG1902,1.0
5odc_A,COG1148,1.0
5odc_B,COG2048,1.0
5odc_C,COG1150,1.0
5odc_D,COG1908,1.0
5odc_E,COG1941,1.0
5odc_F,COG3259,1.0
5ogx_A,COG1018,0.9999838
5ohe_A,COG0639,0.9187835
5ohx_A,COG0031,1.0
5ojg_A,COG1028,0.9997764
5ol2_A,COG2025,1.0
5ol2_C,COG1960,1.0
5olk_A,COG0208,0.9999975
5ovl_A,COG1028,0.9965571
5t1e_A,COG0665,0.9993918
5t2u_A,COG1028,0.99998033
5t4j_B,COG1167,1.0
5t57_A,COG0287,0.99986076
5t5i_G,COG1146,0.9998354
5t5q_A,COG1028,0.999979
5t7h_A,COG3474,1.0
5t95_A,COG0111,0.98207915
5tb7_A,COG2132,0.999569
5tc4_A,COG0190,1.0
5tf4_A,COG0623,1.0
5tgz_A,COG0716,0.9896493
5thk_A,COG1028,0.993508
5thq_G,COG1028,0.978511
5tir_A,COG0605,1.0
5tr3_A,COG1249,1.0
5tr9_A,COG1018,0.9999999
5ts3_A,COG1028,0.98496914
5ttj_A,COG1231,0.978738
5tue_A,COG0654,0.9999143
5tuk_A,COG0654,0.9997086
5tum_A,COG0654,0.9984977
5txr_B,COG0156,1.0
5u0m_A,COG1012,1.0
5u1o_A,COG1249,1.0
5u25_A,COG1249,1.0
5u2w_A,COG1028,0.9827392
5u4q_A,COG0451,0.9999981
5u5g_A,COG2084,1.0
5u5n_A,COG0289,0.99999833
5u63_A,COG0492,1.0
5u8u_A,COG1249,1.0
5u9p_A,COG1028,0.9999614
5ucd_A,COG1012,0.99999976
5uhw_A,COG0673,0.99999964
5uio_A,COG0262,1.0
5uj5_A,COG0633,1.0
5ujk_A,COG0039,1.0
5ur0_A,COG0057,1.0
5us6_A,COG0289,1.0
5uth_A,COG0492,1.0
5uwy_A,COG0492,1.0
5ux1_A,COG4445,1.0
5ux2_A,COG1633,0.95632744
5uzh_A,COG1089,1.0
5uzx_A,COG1028,0.942271
5v36_A,COG1249,1.0
5v3t_A,COG2346,1.0
5v4p_A,COG1902,0.9999118
5v6q_A,COG1052,0.9997811
5v96_A,COG0499,1.0
5va8_A,COG1028,0.9902164
5vdn_A,COG1249,1.0
5ve4_A,COG0491,0.99996126
5veg_A,COG0436,0.9999993
5vg6_A,COG0111,0.99999094
5vj7_A,COG0493,1.0
5vkt_A,COG1064,1.0
5vml_A,COG1028,0.99966633
5vmt_A,COG0057,1.0
5vn2_A,COG1028,0.98973817
5vp5_A,COG1028,0.99598724
5vqb_A,COG0654,0.99999833
5vt3_A,COG0492,1.0
5vt6_A,COG1028,0.9999864
5w1l_A,COG3498,0.9700078
5w3k_A,COG0059,1.0
5w4c_A,COG0492,0.99997723
5w71_A,COG0399,1.0
5wgb_A,COG1104,1.0
5wk0_A,COG2318,0.98173726
5wol_A,COG0289,1.0
5wqo_A,COG1028,0.9608817
5wt2_A,COG1104,1.0
5x1y_B,COG1249,0.9999982
5x31_A,COG3794,1.0
5x5h_A,COG0626,1.0
5x5u_A,COG1012,1.0
5x68_A,COG0654,0.99978656
5x6r_A,COG0654,0.99999523
5xbp_A,COG4638,0.99999833
5xdb_A,COG1960,0.99961746
5xdh_A,COG2010,0.99908125
5xem_A,COG0031,1.0
5xf9_A,COG1894,1.0
5xf9_B,COG3383,0.9941685
5xf9_C,COG1941,1.0
5xf9_D,COG3259,1.0
5xfv_A,COG0167,1.0
5xgv_A,COG0654,0.9545959
5xle_L,COG0374,1.0
5xmj_A,COG1053,0.9994043
5xmj_B,COG0479,1.0
5xt5_A,COG0520,1.0
5xtb_J,COG0702,0.99593914
5xte_J,COG1290,1.0
5xtg_B,COG1028,0.92758334
5xux_A,COG1985,1.0
5xvb_L,COG0374,1.0
5xvb_S,COG1740,1.0
5xvx_A,COG0334,1.0
5xx9_A,COG2193,1.0
5y1e_A,COG0451,0.9999658
5y66_A,COG0654,0.99958724
5y6q_A,COG2080,1.0
5y6q_B,COG1319,1.0
5y6q_C,COG1529,1.0
5y8h_A,COG2084,1.0
5ya8_A,COG0673,1.0
5ycr_A,COG0623,1.0
5yjl_A,COG0373,1.0
5z25_A,COG4654,0.9989015
5z2f_A,COG0289,1.0
5z2g_A,COG1231,0.99999964
5z2l_A,COG1028,0.97285247
5zkp_A,COG0716,0.998572
6alj_A,COG1012,0.9999999
6aon_A,COG1249,1.0
6aph_A,COG0499,1.0
6aqp_A,COG0183,1.0
6b4o_A,COG1249,1.0
6b8s_A,COG0167,1.0
6bi4_A,COG1088,1.0
6bii_A,COG1052,0.9953335
6bka_A,COG2070,1.0
6bme_A,COG2346,1.0
6btm_A,COG2010,0.9999665
6btm_B,COG0437,0.9999931
6btm_E,COG2010,1.0
6bwc_A,COG1086,0.9999863
6bwl_A,COG0451,0.99993944
6bz0_A,COG1249,0.99999976
6c2h_A,COG0031,1.0
6c4w_A,COG3474,1.0
6c80_A,COG0277,0.9999969
6cep_A,COG0039,1.0
6cfw_J,COG3260,1.0
6cfw_L,COG3261,1.0
6cfw_N,COG1143,0.9744382
6ci9_A,COG1028,0.988462
6cmz_A,COG1249,1.0
6cr0_A,COG1231,0.9999999
6cwo_A,COG0208,1.0
6cxm_A,COG0262,1.0
6czz_A,COG1932,1.0
6d2v_A,COG0451,0.9928034
6d9y_B,COG1028,0.99594057
6dfz_A,COG0057,1.0
6dhm_A,COG0334,1.0
6dll_A,COG0654,0.9999981
6dux_A,COG1486,1.0
6dxp_A,COG1182,1.0
6dzs_A,COG0460,1.0
6e4e_A,COG0262,1.0
6ei9_A,COG0042,1.0
6enz_A,COG0076,1.0
6eo4_A,COG0277,0.9998412
6evg_A,COG2132,1.0
6ewq_A,COG0399,1.0
6f0k_A,COG3880,1.0
6f0k_B,COG0437,0.9999932
6f0k_E,COG2010,1.0
6f72_A,COG0277,0.99829274
6fah_A,COG2025,1.0
6fah_C,COG1960,1.0
6fah_F,COG2086,1.0
6fsg_A,COG0716,1.0
6fwf_A,COG3256,1.0
6g2j_B,COG0377,1.0
6g2j_G,COG1034,0.9999999
6g2j_I,COG1143,1.0
6g2j_N,COG1007,1.0
6g2j_P,COG0702,0.9792382
6rxn_A,COG1773,1.0
7pcy_A,COG3794,0.99999046
9pcy_A,COG3794,0.99999857